{
  "objective": "regression",
  "metric": "rmse",
  "learning_rate": 0.03636985664553217,
  "num_leaves": 36,
  "min_data_in_leaf": 110,
  "feature_fraction": 0.9626582510981203,
  "bagging_fraction": 0.748728941019906,
  "bagging_freq": 7,
  "lambda_l1": 2.903876466712576e-06,
  "lambda_l2": 4.0284094716024024e-08,
  "max_depth": 2,
  "n_estimators": 10000,
  "early_stopping_rounds": 200,
  "verbose": -1,
  "random_state": 42,
  "n_jobs": -1,
  "min_gain_to_split": 1.5693040553121722e-07
}