{
  "xgb": 0.5593351574187687,
  "cb": 0.44066484258024374
}